system:index,VH,VV,.geo
0,-20.025476088997163,-12.354627390536475,"{""type"":""Point"",""coordinates"":[79.22172250457919,17.06936904703689]}"
1,-17.326364810863115,-9.763875956299582,"{""type"":""Point"",""coordinates"":[79.3103909434536,16.97986525190071]}"
2,-18.558638666665253,-11.072210282743296,"{""type"":""Point"",""coordinates"":[79.34791124638814,17.030229614259166]}"
3,-19.862415178590457,-10.367734438823717,"{""type"":""Point"",""coordinates"":[79.29644184947225,17.127904832832826]}"
4,-19.17476077435404,-12.459309767771408,"{""type"":""Point"",""coordinates"":[79.26241613051191,17.009605231937847]}"
5,-19.619190122549377,-11.206408101656438,"{""type"":""Point"",""coordinates"":[79.2043626129108,17.015589364708006]}"
6,-16.194837914327838,-8.890152797543108,"{""type"":""Point"",""coordinates"":[79.29202533018488,17.03880765536607]}"
7,-16.915399084165713,-10.660014810307768,"{""type"":""Point"",""coordinates"":[79.31255829735002,16.998796149843038]}"
8,-23.852036982367242,-14.599135689731826,"{""type"":""Point"",""coordinates"":[79.24625762246627,17.126494435274562]}"
9,-17.018265613200136,-10.233477988971586,"{""type"":""Point"",""coordinates"":[79.23715113947607,17.10135116424289]}"
10,-18.29510393619466,-11.360851867166865,"{""type"":""Point"",""coordinates"":[79.22274624963916,17.071262462276287]}"
11,-21.376677930092086,-13.241241058875573,"{""type"":""Point"",""coordinates"":[79.25916975126272,17.044586602646476]}"
12,-18.660550528084908,-11.33159063337577,"{""type"":""Point"",""coordinates"":[79.24009756300356,17.08178267105987]}"
13,-23.299956622846846,-14.175648303064428,"{""type"":""Point"",""coordinates"":[79.26487042828067,17.13710364910967]}"
14,-18.033113118472258,-11.880133195031426,"{""type"":""Point"",""coordinates"":[79.35336293986775,17.031339936232524]}"
15,-18.685844924496784,-12.123511607427295,"{""type"":""Point"",""coordinates"":[79.19262675396102,17.03831503340618]}"
16,-17.42529899537646,-10.425016406549688,"{""type"":""Point"",""coordinates"":[79.21486545752464,16.998530678686254]}"
17,-27.308731395606873,-20.555706037783885,"{""type"":""Point"",""coordinates"":[79.30239835881407,16.985043731342223]}"
18,-21.30876570882794,-14.131194229253854,"{""type"":""Point"",""coordinates"":[79.18859291328911,17.09405894634541]}"
19,-20.83721162573084,-13.443792134397466,"{""type"":""Point"",""coordinates"":[79.358045468616,17.04256221219821]}"
20,-19.13489091994598,-10.680400065138842,"{""type"":""Point"",""coordinates"":[79.26585739837834,17.11139856976363]}"
21,-21.04695915331902,-10.826054318439029,"{""type"":""Point"",""coordinates"":[79.3095054515174,17.012110408073934]}"
22,-14.956530057130342,-5.416754256280948,"{""type"":""Point"",""coordinates"":[79.2611529822478,17.052383581806637]}"
23,-16.424253427063846,-8.886919693328911,"{""type"":""Point"",""coordinates"":[79.25213404387881,17.03939207524014]}"
24,-17.31665872660019,-9.360832041249648,"{""type"":""Point"",""coordinates"":[79.30492360673811,16.988911070835293]}"
25,-18.253722880780096,-9.433865768728962,"{""type"":""Point"",""coordinates"":[79.2787868546749,17.0826203675297]}"
26,-18.61373585516631,-9.853414499773015,"{""type"":""Point"",""coordinates"":[79.3111041370708,17.04436626002814]}"
27,-19.246881256608873,-11.491579717135878,"{""type"":""Point"",""coordinates"":[79.33735035331324,17.02241015641869]}"
28,-21.505729886554732,-14.99551209660115,"{""type"":""Point"",""coordinates"":[79.25015132564006,17.03085031279876]}"
29,-19.364954104230417,-9.553368800717266,"{""type"":""Point"",""coordinates"":[79.26394530478271,17.034121504737342]}"
30,-22.166020534656585,-13.653085985317517,"{""type"":""Point"",""coordinates"":[79.27042296512178,17.103924901445147]}"
31,-22.879592940409896,-14.111610062471245,"{""type"":""Point"",""coordinates"":[79.27374321769891,17.037790183572625]}"
32,-34.754725318854426,-25.59823525478913,"{""type"":""Point"",""coordinates"":[79.29957681016083,17.104706544841672]}"
33,-19.685013809679354,-10.798015801541167,"{""type"":""Point"",""coordinates"":[79.23065760750859,16.977008310268797]}"
34,-19.434409219112364,-12.918161085701671,"{""type"":""Point"",""coordinates"":[79.27767114943374,17.084229000323703]}"
35,-17.55571512563107,-9.667860381529644,"{""type"":""Point"",""coordinates"":[79.33540543916499,17.081918251398346]}"
36,-20.344375402739402,-10.618117592277267,"{""type"":""Point"",""coordinates"":[79.23174467726658,16.978567779278066]}"
37,-18.311539050708607,-10.790440720813237,"{""type"":""Point"",""coordinates"":[79.3377496366839,17.06630718758314]}"
38,-16.971678480390494,-7.903881622765919,"{""type"":""Point"",""coordinates"":[79.22451675152413,17.124858067125853]}"
39,-13.854937149631992,-9.035583094887418,"{""type"":""Point"",""coordinates"":[79.29784117707219,17.093496012471995]}"
40,-18.446794367817517,-11.791660883846982,"{""type"":""Point"",""coordinates"":[79.3351960626403,17.05038814874112]}"
41,-18.617642010347502,-11.795598081235719,"{""type"":""Point"",""coordinates"":[79.25167006829444,17.00716129131705]}"
42,-15.724813836686284,-9.702195225445562,"{""type"":""Point"",""coordinates"":[79.3168115345435,17.033416140672184]}"
43,-20.73071996223836,-12.920321759776163,"{""type"":""Point"",""coordinates"":[79.34035681969893,17.110925607966102]}"
44,-18.021058472213703,-12.474669550914111,"{""type"":""Point"",""coordinates"":[79.22462463935783,17.017903800605932]}"
45,-16.924858515953268,-11.378423354194386,"{""type"":""Point"",""coordinates"":[79.34578997162754,17.013888528275146]}"
46,-35.84457705445993,-27.58171652234939,"{""type"":""Point"",""coordinates"":[79.24537264552873,17.116570961948614]}"
47,-20.171978272370378,-14.279356639873528,"{""type"":""Point"",""coordinates"":[79.24197140487877,17.033482018340052]}"
48,-30.405313193746395,-22.28731946100808,"{""type"":""Point"",""coordinates"":[79.27250192291567,17.11752385978973]}"
49,-19.44649516610292,-12.241595833634051,"{""type"":""Point"",""coordinates"":[79.28941152610155,16.971569690397754]}"
50,-20.180729334772497,-12.542992389220306,"{""type"":""Point"",""coordinates"":[79.33864039221196,17.030382563332626]}"
51,-15.962681573944106,-10.619690725286777,"{""type"":""Point"",""coordinates"":[79.2461935491706,16.977327289987127]}"
52,-21.085882784488078,-13.169502422392423,"{""type"":""Point"",""coordinates"":[79.35016499742257,17.06933069202645]}"
53,-18.04918107769568,-10.969271320598777,"{""type"":""Point"",""coordinates"":[79.19660973818873,17.01225872699667]}"
54,-18.977402406534548,-8.862303832603224,"{""type"":""Point"",""coordinates"":[79.23591936828093,17.112196484688063]}"
55,-17.312596229337476,-3.8792489572592244,"{""type"":""Point"",""coordinates"":[79.26743577160714,17.036417758256604]}"
56,-19.60083853763822,-11.378152251993312,"{""type"":""Point"",""coordinates"":[79.33440401758072,17.08216991485398]}"
57,-17.775901722097743,-9.803131247964869,"{""type"":""Point"",""coordinates"":[79.18114428953048,17.079750911335136]}"
58,-22.58373352149934,-15.17405368854231,"{""type"":""Point"",""coordinates"":[79.27907642040036,17.143342351835766]}"
59,-19.91881952454678,-12.161280801650046,"{""type"":""Point"",""coordinates"":[79.30320390536755,17.071191762757273]}"
60,-17.93100053968963,-10.677053918616739,"{""type"":""Point"",""coordinates"":[79.26489602059631,16.970101826991726]}"
61,-23.906650172321854,-19.330923512549774,"{""type"":""Point"",""coordinates"":[79.25707300109609,17.044768568247985]}"
62,-16.1364841902401,-3.799904801659446,"{""type"":""Point"",""coordinates"":[79.26098440266199,17.061664538485584]}"
63,-16.344199441285312,-10.635781226961932,"{""type"":""Point"",""coordinates"":[79.31168323494272,16.983744568626747]}"
64,-16.707419914675707,-11.45242661463761,"{""type"":""Point"",""coordinates"":[79.30202946019087,17.013806199142962]}"
65,-19.759382558693474,-9.932376578817179,"{""type"":""Point"",""coordinates"":[79.26759119759824,16.991938056733144]}"
66,-18.1229174329394,-11.2479007305371,"{""type"":""Point"",""coordinates"":[79.29152051996543,17.00109450627676]}"
67,-18.45057891924243,-11.156718867881764,"{""type"":""Point"",""coordinates"":[79.22525013574634,17.120441580503826]}"
68,-19.453317816224626,-11.739121953969063,"{""type"":""Point"",""coordinates"":[79.2298776128893,17.020061788843]}"
69,-18.994596108660083,-10.220080864397627,"{""type"":""Point"",""coordinates"":[79.24745062834454,17.016606365905336]}"
70,-17.42377585366733,-11.738289457769111,"{""type"":""Point"",""coordinates"":[79.24869728544431,17.003313429196577]}"
71,-20.048630797044524,-11.650716720482436,"{""type"":""Point"",""coordinates"":[79.22351345184835,16.992326369216904]}"
72,-19.278959868869393,-10.067282227869745,"{""type"":""Point"",""coordinates"":[79.33811459736846,17.069387400884242]}"
73,-16.80856871455049,-12.544803278777136,"{""type"":""Point"",""coordinates"":[79.19625281394968,17.08487213429666]}"
74,-16.161964363095713,-9.66423371156627,"{""type"":""Point"",""coordinates"":[79.20595130691885,17.104097610893206]}"
75,-17.62982124771358,-11.773613910987187,"{""type"":""Point"",""coordinates"":[79.19761572070654,17.032949840955673]}"
76,-17.855736432845482,-12.514895736328773,"{""type"":""Point"",""coordinates"":[79.29376260130933,17.070836474976485]}"
77,-17.55565061804955,-10.889705628661835,"{""type"":""Point"",""coordinates"":[79.18372309825871,17.027973631235636]}"
78,-20.553880115407356,-10.442396517195291,"{""type"":""Point"",""coordinates"":[79.19847968253072,17.000638741018196]}"
79,-16.77021975493936,-10.452206354626558,"{""type"":""Point"",""coordinates"":[79.26939498251555,17.029858189408383]}"
80,-17.91094150908062,-10.624252150683468,"{""type"":""Point"",""coordinates"":[79.34242846261692,17.0410424258869]}"
81,-23.439821600246805,-16.109183617604984,"{""type"":""Point"",""coordinates"":[79.24738535571292,17.129566404075373]}"
82,-18.83549620750054,-12.35312102520393,"{""type"":""Point"",""coordinates"":[79.32157816869204,17.076509247266195]}"
83,-20.196364588150356,-15.126857756826062,"{""type"":""Point"",""coordinates"":[79.24771580373748,17.128777334281857]}"
84,-19.470605157814703,-12.851997385377022,"{""type"":""Point"",""coordinates"":[79.34226524313927,17.104368235338697]}"
85,-18.368424018572966,-11.39867490936525,"{""type"":""Point"",""coordinates"":[79.24092956779438,17.1268982795421]}"
86,-17.9758554589951,-13.315419186152447,"{""type"":""Point"",""coordinates"":[79.30420227570761,17.133121157594015]}"
87,-17.80314184155719,-10.146831702320807,"{""type"":""Point"",""coordinates"":[79.27906605794787,17.013967048262117]}"
88,-17.278523622931438,-10.500943178222881,"{""type"":""Point"",""coordinates"":[79.35888163509993,17.06474159895613]}"
89,-16.765229429985908,-10.210402328030293,"{""type"":""Point"",""coordinates"":[79.34371556495043,17.05024316399065]}"
90,-18.979987248178723,-9.208716982989827,"{""type"":""Point"",""coordinates"":[79.30557461504947,17.05244675878735]}"
91,-16.257932148989035,-10.266833586633489,"{""type"":""Point"",""coordinates"":[79.2925375365637,17.13690348704037]}"
92,-17.68184534259876,-10.778464057454514,"{""type"":""Point"",""coordinates"":[79.18542952455067,17.03189786746996]}"
93,-20.046584529082295,-12.894175765319037,"{""type"":""Point"",""coordinates"":[79.18073722878496,17.05514846083969]}"
94,-20.152544376897154,-11.579013351686278,"{""type"":""Point"",""coordinates"":[79.31769315927536,17.009536686922733]}"
95,-17.014692417174857,-9.306282449114944,"{""type"":""Point"",""coordinates"":[79.32153066274202,17.0671859657305]}"
96,-18.397484934340525,-10.58993378874617,"{""type"":""Point"",""coordinates"":[79.28056169945712,17.01296846755428]}"
97,-18.577329848813555,-12.360087787183724,"{""type"":""Point"",""coordinates"":[79.31127421329623,17.04233554641085]}"
98,-18.6455931819443,-10.866850031301018,"{""type"":""Point"",""coordinates"":[79.28977619059707,17.09903076206953]}"
99,-19.975903328145062,-12.28083715787246,"{""type"":""Point"",""coordinates"":[79.23284224546869,17.00041265981968]}"
100,-27.222334838218675,-16.25109332284023,"{""type"":""Point"",""coordinates"":[79.24119537472767,17.1429717262423]}"
101,-19.18210128909927,-11.811888948621274,"{""type"":""Point"",""coordinates"":[79.25820702933848,17.11558203380625]}"
102,-18.150282523267066,-12.719373178307746,"{""type"":""Point"",""coordinates"":[79.35051964133949,17.027130944189548]}"
103,-17.07147989511294,-11.354503166863557,"{""type"":""Point"",""coordinates"":[79.28386728176595,17.143380592753182]}"
104,-18.813699629301258,-11.659687468810793,"{""type"":""Point"",""coordinates"":[79.29669856861598,16.997422779761397]}"
105,-13.101407445882076,-8.685714204756442,"{""type"":""Point"",""coordinates"":[79.22061227116359,17.01272546455818]}"
106,-16.93628943572586,-10.442850472810585,"{""type"":""Point"",""coordinates"":[79.22623727061661,17.106672887726138]}"
107,-14.171389548140281,-7.5203876010384585,"{""type"":""Point"",""coordinates"":[79.30879480215201,17.044205445535763]}"
108,-17.925835841230292,-11.239877186094116,"{""type"":""Point"",""coordinates"":[79.32919146326813,17.024047588375947]}"
109,-17.352478984175438,-10.038055799984047,"{""type"":""Point"",""coordinates"":[79.19922265648161,17.029312848509885]}"
110,-16.472822067594887,-9.555793846240178,"{""type"":""Point"",""coordinates"":[79.24615306179595,16.996910416411882]}"
111,-19.246838407581365,-11.414134158148435,"{""type"":""Point"",""coordinates"":[79.30046482908594,17.074639795169585]}"
112,-18.55814906948202,-12.677226414852287,"{""type"":""Point"",""coordinates"":[79.32806810299147,17.118270731371055]}"
113,-19.766001642304296,-12.724106139281723,"{""type"":""Point"",""coordinates"":[79.26595171560105,17.10381035197967]}"
114,-22.153834185517447,-10.502440280898808,"{""type"":""Point"",""coordinates"":[79.2318275658827,17.079614583057907]}"
115,-20.098504361921993,-12.660098690239295,"{""type"":""Point"",""coordinates"":[79.2554209507157,16.969364079234047]}"
116,-15.199139262185447,-7.608370555303364,"{""type"":""Point"",""coordinates"":[79.242295330995,17.105860223409945]}"
117,-22.171246263872135,-13.439553074085712,"{""type"":""Point"",""coordinates"":[79.27930516013514,17.142960334101907]}"
118,-18.880182216424753,-12.884013219439407,"{""type"":""Point"",""coordinates"":[79.28982692396578,17.061967329305336]}"
119,-16.903733461009452,-10.130447881922764,"{""type"":""Point"",""coordinates"":[79.17868854038481,17.07038780879665]}"
120,-17.56533886395498,-8.28259222316588,"{""type"":""Point"",""coordinates"":[79.25994192303257,17.03727937312544]}"
121,-17.033822477778383,-10.75561773596197,"{""type"":""Point"",""coordinates"":[79.21121531674105,17.045572428700055]}"
122,-23.13687656198364,-12.237265798225113,"{""type"":""Point"",""coordinates"":[79.34344031290156,17.080574383175822]}"
123,-10.337940062511654,-6.46785582522193,"{""type"":""Point"",""coordinates"":[79.26433221121968,17.058013901332583]}"
124,-20.740638407270957,-12.387234196604055,"{""type"":""Point"",""coordinates"":[79.23476937063404,17.036992205716935]}"
125,-20.87371571371589,-11.246113421432026,"{""type"":""Point"",""coordinates"":[79.32444091381373,16.993428521425233]}"
126,-18.294027874299697,-12.006199487117312,"{""type"":""Point"",""coordinates"":[79.31521771177188,17.05405026676334]}"
127,-18.013000317794173,-10.878596320573287,"{""type"":""Point"",""coordinates"":[79.24462378481385,17.092628758012687]}"
128,-17.52781305835113,-10.139164439469578,"{""type"":""Point"",""coordinates"":[79.19877775918569,17.068055817161333]}"
129,-19.583441248957985,-10.199725735637998,"{""type"":""Point"",""coordinates"":[79.29825026875868,17.020006540139654]}"
130,-17.72560854064048,-12.2560153943383,"{""type"":""Point"",""coordinates"":[79.23525211078731,17.075079080964123]}"
131,-24.596955142892224,-13.634426581625416,"{""type"":""Point"",""coordinates"":[79.31584519801707,17.02036715923091]}"
132,-17.82067011931426,-11.0286098230974,"{""type"":""Point"",""coordinates"":[79.30707148871689,16.995488472818547]}"
133,-19.459195465550458,-12.228823260611845,"{""type"":""Point"",""coordinates"":[79.29617212554,17.054777849465022]}"
134,-21.33496607904469,-13.748574682657033,"{""type"":""Point"",""coordinates"":[79.32705536035004,17.068515134290358]}"
135,-17.50997366761461,-9.726780726208384,"{""type"":""Point"",""coordinates"":[79.32172614210077,17.111867667745603]}"
136,-17.603464733406568,-11.028098522501498,"{""type"":""Point"",""coordinates"":[79.35564023639806,17.04347502866675]}"
137,-18.678571666112163,-7.246334735362982,"{""type"":""Point"",""coordinates"":[79.18682234163073,17.075500234125347]}"
138,-22.936540970006362,-11.715006658575657,"{""type"":""Point"",""coordinates"":[79.20151066578721,17.04015473050744]}"
139,-14.28116815948756,-8.096423297947542,"{""type"":""Point"",""coordinates"":[79.26072607186224,17.058145879514246]}"
140,-14.954565706562251,-7.8627228747182585,"{""type"":""Point"",""coordinates"":[79.35199365820112,17.06385620321082]}"
141,-17.96194736465902,-12.059871331749317,"{""type"":""Point"",""coordinates"":[79.21868816702748,17.030800157398296]}"
142,-19.18994995043024,-13.428176472705534,"{""type"":""Point"",""coordinates"":[79.315413118068,16.988674547990644]}"
143,-23.80842696914418,-12.492911608174227,"{""type"":""Point"",""coordinates"":[79.2690508757359,16.98501695369571]}"
144,-16.28056252527319,-10.700677270987395,"{""type"":""Point"",""coordinates"":[79.34647582633889,17.07290050929926]}"
145,-20.373958330490908,-9.959740614883506,"{""type"":""Point"",""coordinates"":[79.31947925143389,17.064072654674348]}"
146,-17.57645414290628,-11.963645225407497,"{""type"":""Point"",""coordinates"":[79.25723040071027,17.002539142554827]}"
147,-16.92537457079797,-10.890915886647559,"{""type"":""Point"",""coordinates"":[79.30558659417692,17.06133703579991]}"
148,-18.842330850067505,-11.594868121863765,"{""type"":""Point"",""coordinates"":[79.25729544352757,17.057319829129174]}"
149,-18.18804889356279,-12.30134114901291,"{""type"":""Point"",""coordinates"":[79.35206381050227,17.08624897615186]}"
150,-20.192315836511348,-13.726444969411798,"{""type"":""Point"",""coordinates"":[79.31600865342917,17.063031752687714]}"
151,-13.770093439708598,-6.972067032230673,"{""type"":""Point"",""coordinates"":[79.26893140771197,17.11588329223497]}"
152,-17.516412268217607,-11.383370162267862,"{""type"":""Point"",""coordinates"":[79.33881663959036,17.059036707659335]}"
153,-18.4095492203041,-9.445539938489517,"{""type"":""Point"",""coordinates"":[79.32750583732431,17.07871127254419]}"
154,-17.632769913709364,-10.52111528782071,"{""type"":""Point"",""coordinates"":[79.25442990887436,17.053750795630503]}"
155,-19.456659285246285,-11.516377396649212,"{""type"":""Point"",""coordinates"":[79.32822470944471,17.06115328986586]}"
156,-19.764111087725528,-11.661769617782461,"{""type"":""Point"",""coordinates"":[79.29307839822286,16.98881763109204]}"
157,-22.446242678908458,-13.625362463423865,"{""type"":""Point"",""coordinates"":[79.22051699757574,17.043360968796648]}"
158,-19.11735931440782,-9.971817625477728,"{""type"":""Point"",""coordinates"":[79.30598354924945,17.021108374329433]}"
159,-16.78372870967808,-10.471700860216215,"{""type"":""Point"",""coordinates"":[79.224153612925,17.06836945574605]}"
160,-12.139613148541448,-8.709338382910172,"{""type"":""Point"",""coordinates"":[79.25447378908467,17.089148315752457]}"
161,-20.225722821814696,-14.7626434645004,"{""type"":""Point"",""coordinates"":[79.2702221764779,17.025414068339227]}"
162,-18.456735645292024,-12.298417844869267,"{""type"":""Point"",""coordinates"":[79.29542670677681,16.99010268270739]}"
163,-17.337809693336364,-9.817246894108619,"{""type"":""Point"",""coordinates"":[79.31172721044045,17.046674899634972]}"
164,-15.900389090898843,-9.980503094517765,"{""type"":""Point"",""coordinates"":[79.26004618905729,17.14405239673941]}"
165,-20.352765637476928,-10.176984291259236,"{""type"":""Point"",""coordinates"":[79.3251038387481,17.047600887489597]}"
166,-16.74487414044091,-8.87593221875503,"{""type"":""Point"",""coordinates"":[79.33181467856943,17.00460385738207]}"
167,-15.611672836460325,-8.478231750184712,"{""type"":""Point"",""coordinates"":[79.28731267355771,16.986491578616466]}"
168,-20.18745445666328,-10.543681764673305,"{""type"":""Point"",""coordinates"":[79.34194461271024,17.028229695040668]}"
169,-21.489143508560026,-13.8851521180468,"{""type"":""Point"",""coordinates"":[79.24815092639527,17.028343460572444]}"
170,-18.110115224470384,-10.692305158155085,"{""type"":""Point"",""coordinates"":[79.330339153592,17.019027348952637]}"
171,-19.01744120990733,-11.31177745787221,"{""type"":""Point"",""coordinates"":[79.19419984603407,17.059566997098585]}"
172,-21.213316463738604,-10.987045894492951,"{""type"":""Point"",""coordinates"":[79.25948433304181,17.01084102151489]}"
173,-18.60919598097364,-9.822280988040795,"{""type"":""Point"",""coordinates"":[79.21029589352926,17.049197404962687]}"
174,-19.228494042664934,-12.014371808207528,"{""type"":""Point"",""coordinates"":[79.22332616557472,17.11463407302144]}"
175,-19.541832402789066,-5.588007465279624,"{""type"":""Point"",""coordinates"":[79.21382523676492,17.126362905046275]}"
176,-26.316041144565215,-15.201541387354675,"{""type"":""Point"",""coordinates"":[79.23897966614477,17.14110619718284]}"
177,-17.700211110580437,-11.055919872798155,"{""type"":""Point"",""coordinates"":[79.24022556524258,17.058051272809784]}"
178,-17.160564584181746,-8.988349519665496,"{""type"":""Point"",""coordinates"":[79.2865118689969,17.070994342947053]}"
179,-20.81027088889439,-14.150464043177903,"{""type"":""Point"",""coordinates"":[79.21929942333747,17.12579206855975]}"
180,-19.176674713653558,-11.23439836490859,"{""type"":""Point"",""coordinates"":[79.2499332480494,17.081026769488968]}"
181,-17.17576279401284,-10.455211843320589,"{""type"":""Point"",""coordinates"":[79.2611723152714,17.075703669021042]}"
182,-19.874320770534226,-12.481863436411425,"{""type"":""Point"",""coordinates"":[79.23382610764791,17.122579009147717]}"
183,-21.032585936925926,-9.950660776485744,"{""type"":""Point"",""coordinates"":[79.27747649963923,16.996769934829768]}"
184,-15.40299895740397,-8.803740510087387,"{""type"":""Point"",""coordinates"":[79.32675837499539,17.07062699844798]}"
185,-17.44155253592853,-10.522148598387746,"{""type"":""Point"",""coordinates"":[79.28186268249178,16.99515761913324]}"
186,-13.098410779630074,-9.64368603506021,"{""type"":""Point"",""coordinates"":[79.26411473194959,17.068521584029995]}"
187,-20.055184194099724,-13.740276074590088,"{""type"":""Point"",""coordinates"":[79.21544308160951,16.986404015852358]}"
188,-19.42478977444184,-9.88234499711036,"{""type"":""Point"",""coordinates"":[79.33339058738785,17.001368153357472]}"
189,-17.532328146507723,-10.549497909939095,"{""type"":""Point"",""coordinates"":[79.26944893019466,17.14016665504377]}"
190,-16.78519011386244,-11.46553051732977,"{""type"":""Point"",""coordinates"":[79.3153857969287,17.003164652778366]}"
191,-20.06969698972921,-10.955805501744022,"{""type"":""Point"",""coordinates"":[79.29011099483075,16.984054665233298]}"
192,-16.764666384867127,-10.067253966078164,"{""type"":""Point"",""coordinates"":[79.35676726781837,17.054454828087472]}"
193,-16.737553957197886,-11.767392408892084,"{""type"":""Point"",""coordinates"":[79.24684887513172,17.008898106960093]}"
194,-16.55391459391848,-9.403227507098752,"{""type"":""Point"",""coordinates"":[79.28836273287754,17.061978101030384]}"
195,-15.7882152702744,-10.609713826150225,"{""type"":""Point"",""coordinates"":[79.26777591330936,17.030647584272042]}"
196,-23.865606083593086,-17.242800647657923,"{""type"":""Point"",""coordinates"":[79.29675765684247,16.99561981032216]}"
197,-18.665358891996647,-11.297268270928564,"{""type"":""Point"",""coordinates"":[79.34270183765551,17.017074182221744]}"
198,-23.397594291960576,-13.909864679014408,"{""type"":""Point"",""coordinates"":[79.21494056273106,17.081913939005645]}"
199,-14.157243308107168,-9.4348258891583,"{""type"":""Point"",""coordinates"":[79.27912843465516,17.04338822092497]}"
200,-26.80712880064184,-15.029060873929636,"{""type"":""Point"",""coordinates"":[79.22717223876843,17.031033207324136]}"
201,-15.45117504559667,-10.356407353199176,"{""type"":""Point"",""coordinates"":[79.2695498891962,17.12170805254037]}"
202,-20.937820540622802,-13.376678414507788,"{""type"":""Point"",""coordinates"":[79.28343840744984,17.131303807997384]}"
203,-18.669048595449908,-9.8690763421048,"{""type"":""Point"",""coordinates"":[79.23505167553283,16.982244492448533]}"
204,-17.741195092515554,-8.880000135672388,"{""type"":""Point"",""coordinates"":[79.32869843307277,17.084262947401918]}"
205,-19.82070210311698,-11.735183009842567,"{""type"":""Point"",""coordinates"":[79.29855935142439,17.077456919443268]}"
206,-19.040496946041273,-11.79133388194077,"{""type"":""Point"",""coordinates"":[79.24355038503047,16.998246142076447]}"
207,-23.786151792146967,-15.13664134868151,"{""type"":""Point"",""coordinates"":[79.3222027674903,17.028917192011026]}"
208,-18.358174041563224,-11.688724951111787,"{""type"":""Point"",""coordinates"":[79.31584037480505,16.984084899319832]}"
209,-17.037883801489162,-12.307196419194584,"{""type"":""Point"",""coordinates"":[79.26785896179089,17.133149436217217]}"
210,-18.2186608963662,-11.398006518817283,"{""type"":""Point"",""coordinates"":[79.34649753937815,17.026990249185395]}"
211,-16.967812579843095,-10.335712671346897,"{""type"":""Point"",""coordinates"":[79.31762849423718,17.038397296298086]}"
212,-19.48330336568677,-10.725283610765759,"{""type"":""Point"",""coordinates"":[79.2489066978912,16.98796525885226]}"
213,-18.434349623302506,-11.110304713252441,"{""type"":""Point"",""coordinates"":[79.32437925633441,17.127345840956956]}"
214,-16.758605407994832,-10.14063410862224,"{""type"":""Point"",""coordinates"":[79.30605302605856,17.030303102495033]}"
215,-19.161543152761492,-10.678668221206976,"{""type"":""Point"",""coordinates"":[79.24916038201246,16.97865664817644]}"
216,-14.69306771133397,-7.01928430901126,"{""type"":""Point"",""coordinates"":[79.2963308310057,17.03647506946285]}"
217,-18.268021182812834,-13.089446018751582,"{""type"":""Point"",""coordinates"":[79.23692004153246,17.085592759675347]}"
218,-17.565925843845168,-11.714441431060063,"{""type"":""Point"",""coordinates"":[79.33856509728557,17.086695028981797]}"
219,-15.805006633350821,-10.303344393099884,"{""type"":""Point"",""coordinates"":[79.33176655060228,17.0096394584732]}"
220,-16.25498214580084,-9.618237045384593,"{""type"":""Point"",""coordinates"":[79.32611493197041,17.05300103304955]}"
221,-16.986628481541274,-9.618577263184472,"{""type"":""Point"",""coordinates"":[79.3455267448498,17.01773152051825]}"
222,-17.57136206230567,-11.407145631470424,"{""type"":""Point"",""coordinates"":[79.22662685986238,17.04915548462368]}"
223,-16.54548366558847,-9.209034136341943,"{""type"":""Point"",""coordinates"":[79.31133459311218,17.032115592231058]}"
224,-19.17887238461659,-11.59312644919236,"{""type"":""Point"",""coordinates"":[79.26935712721979,17.136659373055462]}"
225,-20.527895490457247,-9.820881025437945,"{""type"":""Point"",""coordinates"":[79.31575724710177,17.062363513133743]}"
226,-34.48684899895652,-22.903070653248996,"{""type"":""Point"",""coordinates"":[79.30346381774504,17.091524723886607]}"
227,-16.083277567351086,-10.24805074890742,"{""type"":""Point"",""coordinates"":[79.34603016434077,17.05173184804441]}"
228,-19.755659642486386,-11.860428681776558,"{""type"":""Point"",""coordinates"":[79.23451603248026,17.0933443497347]}"
229,-17.711858003048285,-13.154659253813525,"{""type"":""Point"",""coordinates"":[79.20492595814595,17.090264215988856]}"
230,-28.12767961601788,-15.725088004719197,"{""type"":""Point"",""coordinates"":[79.23457655945269,17.137134917149567]}"
231,-20.76845112784461,-11.195773138918845,"{""type"":""Point"",""coordinates"":[79.30823423634834,17.033454168304157]}"
232,-22.128844753283868,-14.059759054428305,"{""type"":""Point"",""coordinates"":[79.2294348514889,17.112808633463533]}"
233,-20.232224038287896,-11.942364027580004,"{""type"":""Point"",""coordinates"":[79.22998227002758,17.055093859194024]}"
234,-16.10789388241551,-5.485341133459806,"{""type"":""Point"",""coordinates"":[79.28792855078363,17.011170468568004]}"
235,-16.414603547565967,-5.708201484967019,"{""type"":""Point"",""coordinates"":[79.27331567236378,17.070602490580864]}"
236,-14.556952541563446,-8.172305427108057,"{""type"":""Point"",""coordinates"":[79.28530663786711,17.050664135785095]}"
237,-15.448149520268611,-12.154187130536386,"{""type"":""Point"",""coordinates"":[79.18104920095446,17.02996296050972]}"
238,-19.51231907827262,-12.877191020143542,"{""type"":""Point"",""coordinates"":[79.28842867366366,17.125967031833184]}"
239,-19.62023657733324,-9.929947484531908,"{""type"":""Point"",""coordinates"":[79.35242549182964,17.032795191437813]}"
240,-18.79360350028611,-11.384499592822696,"{""type"":""Point"",""coordinates"":[79.18915657206207,17.019361238877202]}"
241,-23.858340254748963,-11.979619329634566,"{""type"":""Point"",""coordinates"":[79.18430373949164,17.022682864043162]}"
242,-17.577660829799825,-10.81117828436863,"{""type"":""Point"",""coordinates"":[79.22884542659584,17.06526924846442]}"
243,-29.237954755019537,-22.834848767005514,"{""type"":""Point"",""coordinates"":[79.28702848882443,17.01774619700281]}"
244,-18.268204142582206,-11.854681221829008,"{""type"":""Point"",""coordinates"":[79.28696776976287,17.104520790730646]}"
245,-15.609121175741599,-9.409155334451107,"{""type"":""Point"",""coordinates"":[79.28016907173273,17.14551100708583]}"
246,-19.71281061232682,-11.972093945311613,"{""type"":""Point"",""coordinates"":[79.32599327815132,17.04764469075798]}"
247,-23.03260297797361,-13.326650705949014,"{""type"":""Point"",""coordinates"":[79.28466539965294,17.09743857102403]}"
248,-16.44633434545847,-11.004051456811116,"{""type"":""Point"",""coordinates"":[79.17692639002874,17.078486072516153]}"
249,-17.601517384787783,-11.862088179819004,"{""type"":""Point"",""coordinates"":[79.27055432409844,17.04125305664597]}"
250,-26.31066042677994,-13.751736906528134,"{""type"":""Point"",""coordinates"":[79.27247306661141,17.14063332974678]}"
251,-18.94754156376075,-11.346640433885021,"{""type"":""Point"",""coordinates"":[79.28539404426148,17.10924045061458]}"
252,-17.347435408820257,-11.451262207854015,"{""type"":""Point"",""coordinates"":[79.28100543787745,17.0819910992721]}"
253,-19.000036523133723,-10.6713817655857,"{""type"":""Point"",""coordinates"":[79.28263602444207,17.031071113026048]}"
254,-20.10610450720101,-13.915599498857512,"{""type"":""Point"",""coordinates"":[79.34701401701747,17.04493764404195]}"
255,-20.97262933173318,-10.631690418074973,"{""type"":""Point"",""coordinates"":[79.22320334347668,17.032181761040935]}"
256,-19.71525962373603,-13.040856151656232,"{""type"":""Point"",""coordinates"":[79.2257180943817,17.060190162577523]}"
257,-20.38096848031192,-13.13154495012514,"{""type"":""Point"",""coordinates"":[79.33990039373548,17.02686931986306]}"
258,-18.182445185630595,-12.877051064184164,"{""type"":""Point"",""coordinates"":[79.2133939274575,17.084368757540595]}"
259,-17.76009567325438,-11.27990326335966,"{""type"":""Point"",""coordinates"":[79.24478479682931,17.014872568338482]}"
260,-17.89042123703534,-11.105202602402587,"{""type"":""Point"",""coordinates"":[79.28964042811089,17.03193441911809]}"
261,-17.953927342639886,-10.501953175572073,"{""type"":""Point"",""coordinates"":[79.33050908507089,17.002115934692185]}"
262,-18.940005813971077,-14.139031794051773,"{""type"":""Point"",""coordinates"":[79.22100664952526,17.06747937496655]}"
263,-18.62506700311529,-10.21131570726012,"{""type"":""Point"",""coordinates"":[79.19027580402467,17.02011643218656]}"
264,-19.169779990170753,-13.705116953016834,"{""type"":""Point"",""coordinates"":[79.28408675702273,16.987014740979923]}"
265,-19.696748140852836,-10.415257043967426,"{""type"":""Point"",""coordinates"":[79.27283901303176,17.074552472015384]}"
266,-18.498944786562976,-12.991538525323651,"{""type"":""Point"",""coordinates"":[79.19330814694804,17.09767322643605]}"
267,-23.375541949049325,-13.618294632759767,"{""type"":""Point"",""coordinates"":[79.23091932916002,17.136641155919143]}"
268,-16.318070032874022,-11.404286390711952,"{""type"":""Point"",""coordinates"":[79.26138562508736,17.126620727310407]}"
269,-18.447990160562725,-12.599113198914516,"{""type"":""Point"",""coordinates"":[79.27351331219721,16.984047765552354]}"
270,-17.191351622296324,-11.332469196362966,"{""type"":""Point"",""coordinates"":[79.18860557879694,17.03792255813126]}"
271,-21.93676474484128,-11.965530852523562,"{""type"":""Point"",""coordinates"":[79.21460737159232,17.041100170241513]}"
272,-18.456169242781876,-10.56616114940729,"{""type"":""Point"",""coordinates"":[79.3327806586434,17.004178097330346]}"
273,-17.171391701718683,-11.865405102012698,"{""type"":""Point"",""coordinates"":[79.24926301636712,17.050344267572996]}"
274,-17.823943915209156,-11.877506439098699,"{""type"":""Point"",""coordinates"":[79.28104298838743,17.09226936777649]}"
275,-15.835315978815395,-11.36725374854484,"{""type"":""Point"",""coordinates"":[79.35334772546187,17.054582543161406]}"
276,-19.815304522162002,-12.959757683103083,"{""type"":""Point"",""coordinates"":[79.28647427835999,17.021277002648482]}"
277,-26.745011483113757,-15.356865825860456,"{""type"":""Point"",""coordinates"":[79.27025239723228,17.131155462261013]}"
278,-14.13048600295193,-9.292393611392022,"{""type"":""Point"",""coordinates"":[79.2974781101621,17.131434279192398]}"
279,-18.890381042032104,-11.085176245814722,"{""type"":""Point"",""coordinates"":[79.31085966781822,17.023985719554023]}"
280,-21.067208450727207,-12.271268448470494,"{""type"":""Point"",""coordinates"":[79.20472957028895,17.112655872663336]}"
281,-20.27807308335326,-10.211605148270689,"{""type"":""Point"",""coordinates"":[79.29790921779444,17.12324900419363]}"
282,-17.187975267628556,-11.583447657459109,"{""type"":""Point"",""coordinates"":[79.25488502028055,17.142195203992703]}"
283,-17.960756517326217,-11.869081823387413,"{""type"":""Point"",""coordinates"":[79.27623760063496,17.1190080595095]}"
284,-20.65977044414914,-13.438638048762126,"{""type"":""Point"",""coordinates"":[79.25731852035598,17.14532199061926]}"
285,-18.4773187667486,-10.114059199935348,"{""type"":""Point"",""coordinates"":[79.3040738489662,16.976691243738916]}"
286,-19.60858492008788,-13.034393959241237,"{""type"":""Point"",""coordinates"":[79.24428103219606,17.039712130032065]}"
287,-20.032903341588714,-12.757705984424291,"{""type"":""Point"",""coordinates"":[79.24801219659824,17.03137404871418]}"
288,-15.28279436321505,-9.354853735129424,"{""type"":""Point"",""coordinates"":[79.35963779558331,17.051678922149392]}"
289,-14.559027868409853,-8.950178626968588,"{""type"":""Point"",""coordinates"":[79.21288848318923,17.112779830335025]}"
290,-16.29569890489158,-9.139412992911117,"{""type"":""Point"",""coordinates"":[79.27020732591231,17.1271744103409]}"
291,-17.38038910990755,-11.468052420227854,"{""type"":""Point"",""coordinates"":[79.29335961791499,17.052830674730185]}"
292,-20.091950178565526,-11.487575426394837,"{""type"":""Point"",""coordinates"":[79.22296536477528,16.998209967253022]}"
293,-20.76505191053583,-11.805960599023093,"{""type"":""Point"",""coordinates"":[79.28515243429123,17.092314345001267]}"
294,-17.885658493628917,-10.642456998165922,"{""type"":""Point"",""coordinates"":[79.22297846950285,17.055021977343536]}"
295,-17.84146892685284,-11.294046704774015,"{""type"":""Point"",""coordinates"":[79.29701216868865,17.091233439598714]}"
296,-20.22954016901139,-12.421697691539277,"{""type"":""Point"",""coordinates"":[79.25300431763829,17.064291317322645]}"
297,-19.80146927743653,-12.37120740723421,"{""type"":""Point"",""coordinates"":[79.21673398742527,17.11518422257222]}"
298,-18.65759068425756,-11.806685994647442,"{""type"":""Point"",""coordinates"":[79.26415697469834,16.985409948950497]}"
299,-23.011976089097598,-10.962831046968411,"{""type"":""Point"",""coordinates"":[79.18442649762692,17.06400127016745]}"
300,-21.586897946238363,-15.113246539747777,"{""type"":""Point"",""coordinates"":[79.23951831852871,17.135777195954468]}"
301,-22.53066711941502,-13.599949463651171,"{""type"":""Point"",""coordinates"":[79.32036623518461,17.014533283574224]}"
302,-24.125919806195423,-13.84582854392651,"{""type"":""Point"",""coordinates"":[79.24266416431504,17.1351059499639]}"
303,-18.225799770466754,-10.760916407178136,"{""type"":""Point"",""coordinates"":[79.32274738187614,16.994973828348545]}"
304,-19.9948946649678,-12.39007008833635,"{""type"":""Point"",""coordinates"":[79.25831643143984,17.035031291023824]}"
305,-18.02905966905062,-13.002720949511142,"{""type"":""Point"",""coordinates"":[79.24679499124899,17.130362423536553]}"
306,-20.138542118653522,-11.165221822071631,"{""type"":""Point"",""coordinates"":[79.22755055936634,17.07201325853316]}"
307,-22.474586889068537,-14.85026881453652,"{""type"":""Point"",""coordinates"":[79.30710672341141,17.128847772667058]}"
308,-26.62444972524949,-18.8302251850294,"{""type"":""Point"",""coordinates"":[79.32078949708315,17.085743555799876]}"
309,-20.67611957666781,-13.457866921902282,"{""type"":""Point"",""coordinates"":[79.32412689867218,17.11707023089239]}"
310,-17.082619103617546,-11.179499995745203,"{""type"":""Point"",""coordinates"":[79.3438846117665,17.018810700977582]}"
311,-32.64099751307312,-26.666040388931542,"{""type"":""Point"",""coordinates"":[79.32005835583134,17.082807139039247]}"
312,-20.05138521183564,-12.604759744211947,"{""type"":""Point"",""coordinates"":[79.21363135664069,17.027471284700077]}"
313,-17.294064254052916,-11.58559472029706,"{""type"":""Point"",""coordinates"":[79.20807067676574,17.005213199098502]}"
314,-16.712642848978913,-10.967271606692147,"{""type"":""Point"",""coordinates"":[79.30148764284081,17.111512714858122]}"
315,-18.554579899760363,-5.686487303147847,"{""type"":""Point"",""coordinates"":[79.21738291173403,16.9907112278899]}"
316,-16.979358480186523,-9.462964270893275,"{""type"":""Point"",""coordinates"":[79.28945826529133,17.07469612688996]}"
317,-17.67422022209983,-11.673802059614397,"{""type"":""Point"",""coordinates"":[79.31829567048113,17.104806001558813]}"
318,-17.77769076363689,-11.967368435157649,"{""type"":""Point"",""coordinates"":[79.20963129469348,17.068493430922093]}"
319,-18.923775848158662,-11.911330593130442,"{""type"":""Point"",""coordinates"":[79.2578676366562,17.11535003245004]}"
320,-19.06931344363539,-10.22051659119558,"{""type"":""Point"",""coordinates"":[79.25224575245876,16.985377635922504]}"
321,-17.110398969303372,-9.778348321221447,"{""type"":""Point"",""coordinates"":[79.3133149274039,17.10840997708946]}"
322,-17.85995047336582,-11.698062137581912,"{""type"":""Point"",""coordinates"":[79.28426395079047,17.086151422529003]}"
323,-16.732886928900403,-9.56780380137524,"{""type"":""Point"",""coordinates"":[79.25426670981219,17.115685704863584]}"
324,-17.630653272989452,-12.513276190301061,"{""type"":""Point"",""coordinates"":[79.20330272656842,17.10042032320757]}"
325,-20.973482019266484,-11.118855764259026,"{""type"":""Point"",""coordinates"":[79.1763993552471,17.05340521399652]}"
326,-17.67894660821287,-11.085283011210556,"{""type"":""Point"",""coordinates"":[79.32439002330095,17.054578080000784]}"
327,-17.14572626536696,-11.874707877327674,"{""type"":""Point"",""coordinates"":[79.2047978556402,17.004274135877353]}"
328,-15.204546516746507,-8.594341296855955,"{""type"":""Point"",""coordinates"":[79.2164443787731,16.993004318004026]}"
329,-17.368512963099995,-4.59423630731155,"{""type"":""Point"",""coordinates"":[79.2467091045948,17.090623616882823]}"
330,-20.092708738784886,-13.340863582007332,"{""type"":""Point"",""coordinates"":[79.2140609731386,17.095934178438803]}"
331,-19.350462330188886,-12.87913235432707,"{""type"":""Point"",""coordinates"":[79.21084782820928,17.030183938179572]}"
332,-18.62306168712535,-11.992737782508984,"{""type"":""Point"",""coordinates"":[79.29227928091042,17.0661351573007]}"
333,-19.90942053096175,-12.64690772554006,"{""type"":""Point"",""coordinates"":[79.31241512339882,17.05155427192046]}"
334,-19.159564207881242,-11.37549590146913,"{""type"":""Point"",""coordinates"":[79.32711592115132,17.05558759384175]}"
335,-17.507887311714892,-11.159868016461203,"{""type"":""Point"",""coordinates"":[79.22463254768431,17.119645105827924]}"
336,-20.272691432364592,-11.174812146035542,"{""type"":""Point"",""coordinates"":[79.21398074959502,17.002122190301755]}"
337,-17.518573992246594,-10.007324394945226,"{""type"":""Point"",""coordinates"":[79.32366477534907,17.05096082807034]}"
338,-15.43786675764379,-7.826127686871944,"{""type"":""Point"",""coordinates"":[79.2977842768657,17.118324757914248]}"
339,-18.812871445575322,-11.087173234779723,"{""type"":""Point"",""coordinates"":[79.34811937846061,17.05569283237797]}"
340,-33.51108358511893,-25.352950752967224,"{""type"":""Point"",""coordinates"":[79.30160338220654,17.098501862536168]}"
341,-22.514872713242184,-15.390476723998482,"{""type"":""Point"",""coordinates"":[79.27082052290547,17.144953948559337]}"
342,-14.157448522579578,-5.80813717281182,"{""type"":""Point"",""coordinates"":[79.27303827735804,17.053945552004077]}"
343,-19.07969943305174,-12.899973800377042,"{""type"":""Point"",""coordinates"":[79.27725514126804,17.10881238055984]}"
344,-19.724840196131726,-12.222486119121792,"{""type"":""Point"",""coordinates"":[79.22602479733494,16.983572223258694]}"
345,-16.129139378199415,-11.770439296224913,"{""type"":""Point"",""coordinates"":[79.35452622352953,17.042619845956583]}"
346,-18.707029252825674,-11.310086609176903,"{""type"":""Point"",""coordinates"":[79.2316582047591,17.10101838006492]}"
347,-16.64846584537934,-3.5281952424764214,"{""type"":""Point"",""coordinates"":[79.28545397856502,17.07501705172003]}"
348,-16.81737392290202,-13.051730316843937,"{""type"":""Point"",""coordinates"":[79.18423314037359,17.077779871303296]}"
349,-17.644430383769713,-11.005314808174912,"{""type"":""Point"",""coordinates"":[79.30478058588216,17.052561624156894]}"
350,-17.96201566869358,-10.168392715548983,"{""type"":""Point"",""coordinates"":[79.28045582666223,16.976832206124335]}"
351,-16.130713880553746,-9.996919627016,"{""type"":""Point"",""coordinates"":[79.32575141820126,17.12328226090067]}"
352,-19.313503309610397,-12.511509262173199,"{""type"":""Point"",""coordinates"":[79.32714279003106,17.034903444527913]}"
353,-18.17860684809918,-10.155993100315957,"{""type"":""Point"",""coordinates"":[79.29556141791475,17.0015367277966]}"
354,-19.988912417815538,-10.53794957595684,"{""type"":""Point"",""coordinates"":[79.19971477778616,17.018078482706013]}"
355,-14.559010766363132,-11.27397021750779,"{""type"":""Point"",""coordinates"":[79.28852160773224,17.045818012013797]}"
356,-16.485018245236315,-10.374006117730673,"{""type"":""Point"",""coordinates"":[79.32952527358583,17.01273859910684]}"
357,-14.477825649900801,-6.866986177625054,"{""type"":""Point"",""coordinates"":[79.26037257120831,17.043996123709288]}"
358,-16.86102535380362,-11.294499620386976,"{""type"":""Point"",""coordinates"":[79.34306601293345,17.08931065209295]}"
359,-17.888413532912903,-11.494376519989531,"{""type"":""Point"",""coordinates"":[79.25623364388609,17.08647682065517]}"
360,-18.879059725430718,-13.46578022908552,"{""type"":""Point"",""coordinates"":[79.29892153272895,16.99222298026733]}"
361,-18.560068594795823,-10.75692639047611,"{""type"":""Point"",""coordinates"":[79.2829031188562,16.996271459639054]}"
362,-18.625404456276517,-13.627087770649094,"{""type"":""Point"",""coordinates"":[79.22991389964204,17.11063232413489]}"
363,-17.055275309629828,-10.634872199768566,"{""type"":""Point"",""coordinates"":[79.29155867803894,17.098672304005728]}"
364,-18.32460067013114,-12.235187527783182,"{""type"":""Point"",""coordinates"":[79.2852875498242,17.138011226045386]}"
365,-19.415423852661384,-15.20271788732266,"{""type"":""Point"",""coordinates"":[79.20329184063823,17.068205975722595]}"
366,-19.06250545848023,-11.46816947934094,"{""type"":""Point"",""coordinates"":[79.34589219212899,17.03518409813369]}"
367,-20.533244986317793,-11.299648915957965,"{""type"":""Point"",""coordinates"":[79.26798557884385,17.130902082482095]}"
368,-14.954475081252687,-10.085468654703574,"{""type"":""Point"",""coordinates"":[79.31936915416401,17.09715952833247]}"
369,-14.867223475259749,-3.8075099915034425,"{""type"":""Point"",""coordinates"":[79.25825129409355,17.065413844714698]}"
370,-19.941837252579045,-12.145761745103679,"{""type"":""Point"",""coordinates"":[79.19838841947788,17.015491220070466]}"
371,-18.26124434600555,-12.703768770506922,"{""type"":""Point"",""coordinates"":[79.23728534635016,17.114736350661104]}"
372,-18.60977888049033,-9.896743334393157,"{""type"":""Point"",""coordinates"":[79.29550816587248,17.061641202427523]}"
373,-18.39172716321712,-10.823354752340034,"{""type"":""Point"",""coordinates"":[79.26394690920203,17.10278849605329]}"
374,-17.975789474782882,-10.427247599467835,"{""type"":""Point"",""coordinates"":[79.33145419883608,17.001319054189995]}"
375,-15.350708783524832,-10.77112430602071,"{""type"":""Point"",""coordinates"":[79.30133254729496,17.132053787082924]}"
376,-18.16974810909362,-8.036032196591623,"{""type"":""Point"",""coordinates"":[79.28590677326234,17.050963772285584]}"
377,-13.934018148413603,-8.275058523295144,"{""type"":""Point"",""coordinates"":[79.27189246335516,17.057165713957627]}"
378,-18.79044016742708,-9.1142182126301,"{""type"":""Point"",""coordinates"":[79.23152491277278,17.07460861120151]}"
379,-16.930402439268942,-4.826087473749875,"{""type"":""Point"",""coordinates"":[79.27333282559555,17.06819709367715]}"
380,-19.130225100749556,-11.670676253999533,"{""type"":""Point"",""coordinates"":[79.1983938186431,17.07416104429675]}"
381,-17.137181282422254,-10.599669522268753,"{""type"":""Point"",""coordinates"":[79.2637303721433,17.10373580831236]}"
382,-19.843834010949664,-12.253728597289486,"{""type"":""Point"",""coordinates"":[79.19721123690528,17.018242713120777]}"
383,-24.001673328315416,-13.360334358964517,"{""type"":""Point"",""coordinates"":[79.34472023686467,17.105789191670446]}"
384,-15.462278359840393,-3.939812387301757,"{""type"":""Point"",""coordinates"":[79.27074049306584,17.084149785126293]}"
385,-18.196816367460734,-12.762093410180476,"{""type"":""Point"",""coordinates"":[79.2162750525755,17.00990187035808]}"
386,-21.582187387498124,-13.366862213434466,"{""type"":""Point"",""coordinates"":[79.27103338891075,17.0298689557816]}"
387,-18.35311222834095,-13.238069304971571,"{""type"":""Point"",""coordinates"":[79.20609075248291,17.055400220915644]}"
388,-16.703572721600096,-11.08736733156266,"{""type"":""Point"",""coordinates"":[79.24923739928217,16.983983858145475]}"
389,-17.778510866117408,-10.44688261998038,"{""type"":""Point"",""coordinates"":[79.27043488608666,17.0396708037369]}"
390,-17.29496107590005,-9.657997495652712,"{""type"":""Point"",""coordinates"":[79.23338978491594,17.120044431363258]}"
391,-20.877640176102148,-11.08820449930435,"{""type"":""Point"",""coordinates"":[79.34169216638401,17.101411059133433]}"
392,-19.192472043531687,-11.5597639817533,"{""type"":""Point"",""coordinates"":[79.24051189335052,17.005585704682563]}"
393,-15.528817683086835,-10.15613665741883,"{""type"":""Point"",""coordinates"":[79.2728286928039,17.037255035602005]}"
394,-19.892178041803092,-13.624055981589338,"{""type"":""Point"",""coordinates"":[79.24004897541057,17.118777622459362]}"
395,-19.252260125220573,-11.722499869506034,"{""type"":""Point"",""coordinates"":[79.21479073804673,16.98840682178127]}"
396,-16.978530564244934,-12.8410904189384,"{""type"":""Point"",""coordinates"":[79.20517030351773,17.048148528854462]}"
397,-18.508541487026044,-10.435329245037563,"{""type"":""Point"",""coordinates"":[79.29890138286443,17.118744083149895]}"
398,-19.249992000897024,-13.128462918342972,"{""type"":""Point"",""coordinates"":[79.32826852603128,17.11829307022628]}"
399,-23.920771329829815,-16.856022210846202,"{""type"":""Point"",""coordinates"":[79.24000361069938,17.042225626940887]}"
400,-16.529037408672828,-3.8710702932247196,"{""type"":""Point"",""coordinates"":[79.31510412375545,16.99968356357573]}"
401,-18.74729786221241,-11.21023693270125,"{""type"":""Point"",""coordinates"":[79.24168121992547,16.999885262782943]}"
402,-18.14858016683964,-10.4428920370218,"{""type"":""Point"",""coordinates"":[79.32147962997428,17.125675555539566]}"
403,-21.43824481761683,-12.869396133673325,"{""type"":""Point"",""coordinates"":[79.31557828343882,17.017016260559465]}"
404,-19.977847742355646,-10.717565878396051,"{""type"":""Point"",""coordinates"":[79.24016911844687,17.029825043741006]}"
405,-19.061139992969387,-11.346884867234014,"{""type"":""Point"",""coordinates"":[79.32600766038897,17.094832669642944]}"
406,-19.02974867935075,-14.439054194336688,"{""type"":""Point"",""coordinates"":[79.27967784825113,17.077455959449992]}"
407,-19.740753704948965,-11.326449898924647,"{""type"":""Point"",""coordinates"":[79.2263771107415,17.105649629589138]}"
408,-18.44965044523011,-12.535129551537615,"{""type"":""Point"",""coordinates"":[79.31072195108366,17.040063386977817]}"
409,-20.112661423259905,-12.152311816182737,"{""type"":""Point"",""coordinates"":[79.21117577648731,17.10603840218425]}"
410,-20.923153556410817,-13.356422631181688,"{""type"":""Point"",""coordinates"":[79.17418156643082,17.0516448961384]}"
411,-17.73974500979535,-11.154572722623207,"{""type"":""Point"",""coordinates"":[79.2333963329505,17.099980089361015]}"
412,-21.17094438693293,-14.040930969851516,"{""type"":""Point"",""coordinates"":[79.31986546542296,17.090896786124965]}"
413,-20.04744969980687,-13.426073290887754,"{""type"":""Point"",""coordinates"":[79.21383588622025,17.0582618020301]}"
414,-15.410258120539691,-11.438942076834026,"{""type"":""Point"",""coordinates"":[79.35628258879849,17.066891844639255]}"
415,-18.583739686008187,-11.080310198364485,"{""type"":""Point"",""coordinates"":[79.30411307450663,17.051774403347288]}"
416,-19.51466914603104,-12.781188896569445,"{""type"":""Point"",""coordinates"":[79.20494320655607,17.02282382475108]}"
417,-24.37546032766159,-16.01206037939994,"{""type"":""Point"",""coordinates"":[79.25795775018393,17.093399356090824]}"
418,-17.483067562848035,-9.75573381719421,"{""type"":""Point"",""coordinates"":[79.19654171654079,17.028843334260852]}"
419,-18.820993909209783,-10.249807239898637,"{""type"":""Point"",""coordinates"":[79.17913830379607,17.071280314928117]}"
420,-16.15797756022181,-9.287047418163624,"{""type"":""Point"",""coordinates"":[79.3480525247672,17.095550409152086]}"
421,-17.995477383860614,-11.349379844791486,"{""type"":""Point"",""coordinates"":[79.22151189081883,17.133050027675875]}"
422,-19.786944666083215,-15.931343765016141,"{""type"":""Point"",""coordinates"":[79.20025822374906,17.035519296515865]}"
423,-15.74268846165458,-6.247806311008417,"{""type"":""Point"",""coordinates"":[79.2671876616029,17.051643613693663]}"
424,-31.398473616767703,-23.20491168092864,"{""type"":""Point"",""coordinates"":[79.31401192181495,17.104411069989624]}"
425,-16.97763423672467,-8.860978342216736,"{""type"":""Point"",""coordinates"":[79.30392400446662,16.9942344745608]}"
426,-20.12541450445845,-12.161343605700822,"{""type"":""Point"",""coordinates"":[79.18750278778978,17.013064059561888]}"
427,-14.796653159204126,-10.074098359243012,"{""type"":""Point"",""coordinates"":[79.31127615096943,17.030057598859905]}"
428,-17.16026673990393,-10.190939308850224,"{""type"":""Point"",""coordinates"":[79.33047285851754,17.0739830177898]}"
429,-16.115782578016976,-11.879950612298193,"{""type"":""Point"",""coordinates"":[79.22772984329768,17.03686932263906]}"
430,-18.487860463249184,-11.569194094797904,"{""type"":""Point"",""coordinates"":[79.25321080513619,17.122344789464794]}"
431,-17.376996147461504,-11.288560545006384,"{""type"":""Point"",""coordinates"":[79.33004974177072,17.00413227712918]}"
432,-20.227310560251823,-14.5851174159609,"{""type"":""Point"",""coordinates"":[79.29437124750679,17.138381593774948]}"
433,-18.177408794055015,-10.985830478455876,"{""type"":""Point"",""coordinates"":[79.21390919231979,16.98583847859806]}"
434,-17.49262911908265,-11.096934119867129,"{""type"":""Point"",""coordinates"":[79.20684193683337,17.0203041565514]}"
435,-20.328134988584154,-12.086274154452257,"{""type"":""Point"",""coordinates"":[79.294556424506,16.983934702637058]}"
436,-19.46880131321667,-9.136298473119576,"{""type"":""Point"",""coordinates"":[79.27747172542209,17.021902141642713]}"
437,-17.760200479937915,-11.304727417525315,"{""type"":""Point"",""coordinates"":[79.26102828115413,17.001128503550184]}"
438,-18.432090743165556,-11.791690701389188,"{""type"":""Point"",""coordinates"":[79.28123673307822,16.97216378199159]}"
439,-12.019390870762596,-3.962440336237444,"{""type"":""Point"",""coordinates"":[79.27232416060508,17.10053281689692]}"
440,-20.702676770985207,-15.457348669824905,"{""type"":""Point"",""coordinates"":[79.24876694372297,17.144538178827876]}"
441,-13.91859378999962,-8.336265032184924,"{""type"":""Point"",""coordinates"":[79.27329757311122,16.99051239099425]}"
442,-20.028736570914237,-9.885962487054602,"{""type"":""Point"",""coordinates"":[79.27095236599422,17.00319753643476]}"
443,-19.029644840672887,-10.772530804404921,"{""type"":""Point"",""coordinates"":[79.26075282452491,16.997640863507176]}"
444,-23.406029832293722,-15.227033590420046,"{""type"":""Point"",""coordinates"":[79.24556541515852,17.033803980725853]}"
445,-16.753094054502863,-5.806855558340325,"{""type"":""Point"",""coordinates"":[79.34449249599105,17.04237369824981]}"
446,-14.68986256546317,-11.940961427287382,"{""type"":""Point"",""coordinates"":[79.19974915432627,17.067828217325495]}"
447,-18.575694047035842,-10.703781787416561,"{""type"":""Point"",""coordinates"":[79.19951188913575,17.075326244124756]}"
448,-23.640992219707947,-16.66586328772102,"{""type"":""Point"",""coordinates"":[79.2444289994274,17.0424252011775]}"
449,-21.58719376456321,-14.74706245948741,"{""type"":""Point"",""coordinates"":[79.30899487716346,17.107852376155403]}"
450,-19.205477062231786,-11.299820009627776,"{""type"":""Point"",""coordinates"":[79.21981347441897,17.051926859205356]}"
451,-16.952844883044556,-8.161766241859363,"{""type"":""Point"",""coordinates"":[79.27239288014351,17.0720704359031]}"
452,-13.939969743492785,-6.099515906777713,"{""type"":""Point"",""coordinates"":[79.2973700486831,17.006553508372548]}"
453,-19.910713262080215,-11.820816358226757,"{""type"":""Point"",""coordinates"":[79.28321104987495,16.997464414883343]}"
454,-16.297332562592185,-10.143603702637664,"{""type"":""Point"",""coordinates"":[79.31757952473997,17.020909117414313]}"
455,-16.252693217410933,-12.081215125454234,"{""type"":""Point"",""coordinates"":[79.26162751247263,16.999746826517434]}"
456,-24.02096565213181,-17.527941707967425,"{""type"":""Point"",""coordinates"":[79.34709825755058,17.018466542332888]}"
457,-19.495353131164872,-14.112165919857482,"{""type"":""Point"",""coordinates"":[79.21782503194906,17.122253032237847]}"
458,-18.158149494296083,-10.738511755422845,"{""type"":""Point"",""coordinates"":[79.21845598212217,17.022386075415085]}"
459,-17.80499094106443,-11.77050691021085,"{""type"":""Point"",""coordinates"":[79.23282598811154,17.01115084588172]}"
460,-20.962282404093635,-10.208202378898326,"{""type"":""Point"",""coordinates"":[79.27848060294221,17.138039968358548]}"
461,-17.647595117167022,-10.802533802461253,"{""type"":""Point"",""coordinates"":[79.304487531035,17.055031658699285]}"
462,-18.50138049936273,-12.737035410136752,"{""type"":""Point"",""coordinates"":[79.22309983014802,17.0783643452483]}"
463,-11.975899886663283,-7.1481158022361875,"{""type"":""Point"",""coordinates"":[79.26848505428597,17.050265469433263]}"
464,-14.701228965259396,-9.160878892183618,"{""type"":""Point"",""coordinates"":[79.27991281739307,17.114005919880736]}"
465,-18.945259256267615,-9.32029138367166,"{""type"":""Point"",""coordinates"":[79.33562265006776,17.074536435132906]}"
466,-16.92048467468847,-11.037333342992856,"{""type"":""Point"",""coordinates"":[79.27641571659426,17.08468085753289]}"
467,-20.261599691878462,-10.594258128434895,"{""type"":""Point"",""coordinates"":[79.2314429427968,17.11213190275357]}"
468,-19.00270817243927,-12.745987919993878,"{""type"":""Point"",""coordinates"":[79.35605649569393,17.05875546999659]}"
469,-17.72430352071788,-10.695366476684825,"{""type"":""Point"",""coordinates"":[79.29530412411103,17.004512549703215]}"
470,-17.062042698797075,-10.026720896392456,"{""type"":""Point"",""coordinates"":[79.2612736525294,16.97861632866082]}"
471,-15.521944800176122,-10.328935773765586,"{""type"":""Point"",""coordinates"":[79.34511314366462,17.053208489153683]}"
472,-20.915876304150988,-12.14192116392307,"{""type"":""Point"",""coordinates"":[79.29173672048071,17.08736747773293]}"
473,-21.780088025563778,-11.701167509888244,"{""type"":""Point"",""coordinates"":[79.32403468671836,17.006752099579966]}"
474,-20.437849995136467,-11.786890270576972,"{""type"":""Point"",""coordinates"":[79.26451808829383,17.127350954395595]}"
475,-17.33515005459442,-11.13770316434288,"{""type"":""Point"",""coordinates"":[79.27693445873881,17.015415356468754]}"
476,-17.480890826927823,-12.244419007425085,"{""type"":""Point"",""coordinates"":[79.29463623642232,16.994527816544977]}"
477,-17.78718938130106,-11.784692129861053,"{""type"":""Point"",""coordinates"":[79.34655099573682,17.042115627387442]}"
478,-17.650211632658618,-12.302433771943262,"{""type"":""Point"",""coordinates"":[79.27655252491225,16.99126265081095]}"
479,-17.714289868860234,-12.354992724597453,"{""type"":""Point"",""coordinates"":[79.2849731152973,17.10502478965837]}"
480,-21.197113554325952,-13.361548419017552,"{""type"":""Point"",""coordinates"":[79.23749214783969,17.031089067940208]}"
481,-14.634533476688311,-9.799521820243633,"{""type"":""Point"",""coordinates"":[79.33552648442702,17.00197657690666]}"
482,-17.47223862069573,-10.135983864636358,"{""type"":""Point"",""coordinates"":[79.28421626705332,17.061646320205337]}"
483,-16.822716460566514,-7.091359544629931,"{""type"":""Point"",""coordinates"":[79.27311741158435,17.072123634428458]}"
484,-18.932255369718224,-12.109257485139844,"{""type"":""Point"",""coordinates"":[79.26962149000217,17.10982739907203]}"
485,-19.907879106479424,-12.738958244816583,"{""type"":""Point"",""coordinates"":[79.2884585660345,17.094725435645486]}"
486,-19.639384386073914,-11.517867796184426,"{""type"":""Point"",""coordinates"":[79.33983473658463,17.05485793735992]}"
487,-18.267974222572082,-12.29687675905425,"{""type"":""Point"",""coordinates"":[79.26888088164166,17.015553300756117]}"
488,-15.734822656888392,-9.067513122317473,"{""type"":""Point"",""coordinates"":[79.34176620184817,17.09891973121827]}"
489,-19.067136898531388,-11.344882595666308,"{""type"":""Point"",""coordinates"":[79.31198166674896,17.064530219162577]}"
490,-19.35246297282069,-12.026951256111547,"{""type"":""Point"",""coordinates"":[79.2386010644668,17.083499559476227]}"
491,-31.457783767556407,-22.797023963290513,"{""type"":""Point"",""coordinates"":[79.3053634620594,17.087221670612927]}"
492,-19.50585761703873,-11.301567558756854,"{""type"":""Point"",""coordinates"":[79.28734553214096,16.998973220159282]}"
493,-18.523400455799617,-10.36044578438452,"{""type"":""Point"",""coordinates"":[79.29232334496102,17.127850062944272]}"
494,-20.051918539417386,-12.80467726284851,"{""type"":""Point"",""coordinates"":[79.19921821311313,17.001063018088843]}"
495,-22.590971689929667,-14.439328024216751,"{""type"":""Point"",""coordinates"":[79.22259907121513,17.09811496042009]}"
496,-18.83518842653784,-11.928981396526906,"{""type"":""Point"",""coordinates"":[79.33521726624916,17.015937236209975]}"
497,-19.275210078024486,-11.735662636259097,"{""type"":""Point"",""coordinates"":[79.2996170638182,17.12909130643999]}"
498,-18.73108850893837,-11.562437200093413,"{""type"":""Point"",""coordinates"":[79.24519542983633,17.019403308258358]}"
499,-20.173510277608745,-11.248814719932422,"{""type"":""Point"",""coordinates"":[79.34676653326376,17.060297874845084]}"
